Datetime,Water Level (m)
2025-12-31 06:00:00,0.0036933043
2025-12-31 07:00:00,0.0033015944
2025-12-31 08:00:00,0.0028993804
2025-12-31 09:00:00,0.0025798685
2025-12-31 10:00:00,0.00047288928
2025-12-31 11:00:00,-0.0030392774
2025-12-31 12:00:00,0.031882253
2025-12-31 13:00:00,0.38156122
2025-12-31 14:00:00,0.6918096
2025-12-31 15:00:00,0.5117314
2025-12-31 16:00:00,0.523494
2025-12-31 17:00:00,0.569901
2025-12-31 18:00:00,1.2098613
2025-12-31 19:00:00,1.4230376
2025-12-31 20:00:00,1.2654703
2025-12-31 21:00:00,1.2682383
2025-12-31 22:00:00,1.2380606
2025-12-31 23:00:00,1.099646
2026-01-01 00:00:00,1.0645449
2026-01-01 01:00:00,0.9315192
2026-01-01 02:00:00,1.0710161
2026-01-01 03:00:00,1.119909
2026-01-01 04:00:00,1.1853955
2026-01-01 05:00:00,1.3638015
2026-01-01 06:00:00,1.5036175
2026-01-01 07:00:00,1.6829197
2026-01-01 08:00:00,1.5568341
2026-01-01 09:00:00,1.4650344
2026-01-01 10:00:00,1.4358575
2026-01-01 11:00:00,1.3834095
2026-01-01 12:00:00,1.0783994
2026-01-01 13:00:00,1.0646605
2026-01-01 14:00:00,0.96244
2026-01-01 15:00:00,1.2762432
2026-01-01 16:00:00,1.4185343
2026-01-01 17:00:00,1.5190529
2026-01-01 18:00:00,1.6899025
2026-01-01 19:00:00,1.7971994
2026-01-01 20:00:00,1.8295995
2026-01-01 21:00:00,2.0044632
2026-01-01 22:00:00,1.6255293
2026-01-01 23:00:00,1.4268943
2026-01-02 00:00:00,1.4030628
2026-01-02 01:00:00,1.5497586
2026-01-02 02:00:00,1.1803044
2026-01-02 03:00:00,1.1852878
2026-01-02 04:00:00,1.0616456
2026-01-02 05:00:00,1.226281
2026-01-02 06:00:00,1.4140495
2026-01-02 07:00:00,1.5646803
2026-01-02 08:00:00,1.6634464
2026-01-02 09:00:00,1.7462021
2026-01-02 10:00:00,1.5968472
2026-01-02 11:00:00,1.5616467
2026-01-02 12:00:00,1.2657837
2026-01-02 13:00:00,1.0201623
2026-01-02 14:00:00,1.0077
2026-01-02 15:00:00,1.7825572
2026-01-02 16:00:00,1.1010772
2026-01-02 17:00:00,1.1947823
2026-01-02 18:00:00,1.7815685
2026-01-02 19:00:00,1.6205558
2026-01-02 20:00:00,1.6701701
2026-01-02 21:00:00,1.6547911
2026-01-02 22:00:00,2.221439
2026-01-02 23:00:00,1.6985112
2026-01-03 00:00:00,1.9759437
2026-01-03 01:00:00,1.4856409
2026-01-03 02:00:00,1.2141235
2026-01-03 03:00:00,0.97413856
2026-01-03 04:00:00,1.4932356
2026-01-03 05:00:00,0.9021031
2026-01-03 06:00:00,1.0143341
2026-01-03 07:00:00,1.3309053
2026-01-03 08:00:00,1.7805047
2026-01-03 09:00:00,1.836782
2026-01-03 10:00:00,1.714468
2026-01-03 11:00:00,1.6341287
2026-01-03 12:00:00,1.5033604
2026-01-03 13:00:00,1.2178571
2026-01-03 14:00:00,0.99703
2026-01-03 15:00:00,1.4300561
2026-01-03 16:00:00,0.9229806
2026-01-03 17:00:00,1.169629
2026-01-03 18:00:00,1.3902103
2026-01-03 19:00:00,1.4232544
2026-01-03 20:00:00,1.5629026
2026-01-03 21:00:00,1.8118217
2026-01-03 22:00:00,2.1287396
2026-01-03 23:00:00,1.8748835
2026-01-04 00:00:00,1.8222694
2026-01-04 01:00:00,1.541925
2026-01-04 02:00:00,1.3209636
2026-01-04 03:00:00,1.7324857
2026-01-04 04:00:00,1.223864
2026-01-04 05:00:00,1.1480272
2026-01-04 06:00:00,1.0871226
2026-01-04 07:00:00,1.2972885
2026-01-04 08:00:00,1.5061243
2026-01-04 09:00:00,1.6602389
2026-01-04 10:00:00,1.7921565
2026-01-04 11:00:00,1.7361916
2026-01-04 12:00:00,1.561429
2026-01-04 13:00:00,1.3374196
2026-01-04 14:00:00,1.1236826
2026-01-04 15:00:00,1.5607495
2026-01-04 16:00:00,1.0457103
2026-01-04 17:00:00,0.98648834
2026-01-04 18:00:00,1.028901
2026-01-04 19:00:00,1.4495864
2026-01-04 20:00:00,1.7895998
2026-01-04 21:00:00,1.8336099
2026-01-04 22:00:00,1.9384891
2026-01-04 23:00:00,2.2673547
2026-01-05 00:00:00,1.8051889
2026-01-05 01:00:00,1.5974313
2026-01-05 02:00:00,1.4237825
2026-01-05 03:00:00,1.7633381
2026-01-05 04:00:00,1.3193657
2026-01-05 05:00:00,1.2373376
2026-01-05 06:00:00,1.101413
2026-01-05 07:00:00,1.1082265
2026-01-05 08:00:00,1.3515279
2026-01-05 09:00:00,1.5316229
2026-01-05 10:00:00,1.6377012
2026-01-05 11:00:00,1.6600072
2026-01-05 12:00:00,1.6475328
2026-01-05 13:00:00,2.014864
2026-01-05 14:00:00,1.4421006
2026-01-05 15:00:00,1.195999
2026-01-05 16:00:00,0.9627702
2026-01-05 17:00:00,1.1444453
2026-01-05 18:00:00,1.3433965
2026-01-05 19:00:00,1.1089753
2026-01-05 20:00:00,1.155375
2026-01-05 21:00:00,1.3603841
2026-01-05 22:00:00,1.8340799
2026-01-05 23:00:00,1.8655106
2026-01-06 00:00:00,1.9707845
2026-01-06 01:00:00,1.7036512
2026-01-06 02:00:00,1.5365211
2026-01-06 03:00:00,1.4594499
2026-01-06 04:00:00,1.4239572
2026-01-06 05:00:00,1.4620628
2026-01-06 06:00:00,1.1180549
